canonical_risk_id,row_type,name,description,risk_family,mit_domain,mit_subdomain,ai_type,scope_class,source_standard,source_frameworks,source_count,iso_references,eu_ai_act_articles,eu_cop_references,nearest_mit_risk,related_frameworks,parent_risk_id,atlas_technique_id,atlas_technique_name
MR-001,Risk,Biased or discriminatory outputs and decisions,"The system produces unfair or discriminatory outputs or decisions (e.g. in hiring, lending, services) that disadvantage individuals or groups, often from biased training data.",Model & system behaviour,1. Discrimination & Toxicity,1.1 > Unfair discrimination and misrepresentation,"GPAI, Agentic, Classical_ML",Both,MIT AI Risk Repository v4,AIVerify2023 | Abercrombie2024 | Critch2023 | Cui2024 | G'sell2024 | GOS2023 | Giarmoleo2024 | Gipiškis2024 | Habbal2024 | Hogenhout2021 | Kumar2023 | Li2025 | Liu2024 | Meek2016 | Paes2023 | Perlo2025 | Saghiri2022 | Schnitzer2024 | Shelby2023 | Sherman2023 | Stanley2024 | Steimers2022 | Sun2023 | TC2602024 | Teixeira2022 | Uuk2025 | Weidinger2021 | Weidinger2022 | Wirtz2020 | Wirtz2022 | Zeng2024 | Zhang2023,32,"23894 obj A.6; src 6, 7; mech B.5 | 42001 ctrl A.5.4, A.7.4, A.6.2.4",Art. 10 | Art. 5(c),,,EU AI Act 2024/1689 + GPAI Code of Practice | NIST AI 600-1 Generative AI Profile | IBM AI Risk Atlas | ISO/IEC 42001:2023 | ISO/IEC 23894:2023,,,
MR-002,Risk,Stereotyping and representational harm,"The system reproduces demeaning stereotypes, mis/under-represents groups, or erases or appropriates cultural identity in its outputs.",Model & system behaviour,1. Discrimination & Toxicity,1.1 > Unfair discrimination and misrepresentation,"GPAI, Classical_ML",System,MIT AI Risk Repository v4,Abercrombie2024 | Anwar2024 | Bengio2024 | Bengio2025 | Cui2024 | Deng2023 | G'sell2024 | GOS2023 | Gabriel2024 | Ghosh2024 | Gipiškis2024 | Hagendorff2024 | IBM2025 | InfoComm2023 | Leech2024 | Li2025 | Liu2024 | Maham2023 | Paes2023 | Shelby2023 | Solaiman2023 | Tan2022 | Vidgen2024 | Weidinger2021 | Weidinger2022 | Weidinger2023 | Zeng2024 | Zhang2022,28,"23894 obj A.6; src 6; mech B.5 | 42001 ctrl A.5.4, A.7.4",,,,NIST AI 600-1 Generative AI Profile | IBM AI Risk Atlas | ISO/IEC 42001:2023 | ISO/IEC 23894:2023,,,
MR-003,Risk,"Toxic, hateful, or harassing content generation","The system generates hateful, abusive, profane, harassing, or otherwise offensive content.",Model & system behaviour,1. Discrimination & Toxicity,1.2 > Exposure to toxic content,GPAI,System,MIT AI Risk Repository v4,Abercrombie2024 | Anwar2024 | Cui2024 | Deng2023 | Ghosh2024 | Gipiškis2024 | Hagendorff2024 | InfoComm2023 | Li2025 | Liu2024 | Solaiman2023 | Stanley2024 | Sun2023 | Vidgen2024 | Wang2025 | Zeng2024 | Zhang2023,17,"23894 obj A.6, A.10; src 6, 7; mech B.5 | 42001 ctrl A.5.4, A.6.2.4",,,,NIST AI 600-1 Generative AI Profile | IBM AI Risk Atlas | Cisco AI Security Framework | ISO/IEC 42001:2023 | ISO/IEC 23894:2023,,,
MR-004,Risk,Violent or extremist content generation,"The system generates content that incites, glorifies, or facilitates violence, terrorism, or extremism.",Model & system behaviour,1. Discrimination & Toxicity,1.2 > Exposure to toxic content,GPAI,System,MIT AI Risk Repository v4,Abercrombie2024 | Coghlan2023 | Critch2023 | DSIT2023 | Deng2023 | Gipiškis2024 | IBM2025 | InfoComm2023 | Li2025 | Liu2024 | Shelby2023 | Stanley2024 | TC2602024 | Uuk2025 | Vidgen2024 | Zeng2024,16,"23894 obj A.10; src 7; mech B.5 | 42001 ctrl A.5.4, A.6.2.4",,,,NIST AI 600-1 Generative AI Profile | Cisco AI Security Framework | ISO/IEC 42001:2023 | ISO/IEC 23894:2023,,,
MR-005,Risk,Child sexual abuse material and child-safety harm,The system generates or facilitates child sexual abuse material (CSAM) or other sexual/abusive harm to minors.,Model & system behaviour,1. Discrimination & Toxicity,1.2 > Exposure to toxic content,GPAI,System,MIT AI Risk Repository v4,Bengio2025 | Gabriel2024 | Ghosh2024 | Gipiškis2024 | Liu2024 | Marchal2024 | NIST2024 | Vidgen2024 | Weidinger2023 | Zeng2024,10,"23894 obj A.10; src 7; mech B.5 | 42001 ctrl A.5.4, A.6.2.4",,,,NIST AI 600-1 Generative AI Profile | Cisco AI Security Framework | ISO/IEC 42001:2023 | ISO/IEC 23894:2023,,,
MR-006,Risk,Disparate performance across groups and languages,"The system performs measurably worse for some demographic groups, dialects, or languages, degrading service quality for those users.",Model & system behaviour,1. Discrimination & Toxicity,1.3 > Unequal performance across groups,"GPAI, Classical_ML",System,MIT AI Risk Repository v4,IBM2025 | Li2025 | Liu2024 | NIST2024 | Shelby2023 | Solaiman2023 | Weidinger2021 | Weidinger2022 | Weidinger2023,9,"23894 obj A.6, A.9; src 6; mech B.5 | 42001 ctrl A.7.4, A.6.2.4",,,,IBM AI Risk Atlas | ISO/IEC 42001:2023 | ISO/IEC 23894:2023,,,
MR-007,Risk,"Self-harm, suicide and dangerous-behavior promotion","The system produces content that encourages or enables suicide, self-harm, eating disorders, or other dangerous behaviors.",Model & system behaviour,1. Discrimination & Toxicity,1.2 > Exposure to toxic content,GPAI,System,MIT AI Risk Repository v4,Abercrombie2024 | Ghosh2024 | Gipiškis2024 | Li2025 | Stanley2024 | Sun2023 | Vidgen2024 | Zeng2024,8,23894 obj A.10; src 7; mech B.5 | 42001 ctrl A.5.4,,,,NIST AI 600-1 Generative AI Profile | IBM AI Risk Atlas | Cisco AI Security Framework | ISO/IEC 42001:2023 | ISO/IEC 23894:2023,,,
MR-008,Risk,Sexual content and non-consensual intimate imagery,"The system generates sexual or adult content, or non-consensual intimate imagery, in inappropriate contexts.",Model & system behaviour,1. Discrimination & Toxicity,1.2 > Exposure to toxic content,GPAI,System,MIT AI Risk Repository v4,Cui2024 | Ghosh2024 | Gipiškis2024 | IBM2025 | InfoComm2023 | Liu2024 | Vidgen2024 | Zeng2024,8,"23894 obj A.10; src 7; mech B.5 | 42001 ctrl A.5.4, A.6.2.4",,,,NIST AI 600-1 Generative AI Profile | Cisco AI Security Framework | ISO/IEC 42001:2023 | ISO/IEC 23894:2023,,,
MR-009,Risk,Leakage of personal or sensitive data,"The system memorizes and discloses personal or sensitive data in its outputs, or such data is extracted via inference/extraction attacks, as distinct from the lawful basis for collecting or processing that data (MR-011).","Data, privacy & content liability",2. Privacy & Security,2.1 > Compromise of privacy by leaking or correctly inferring sensitive information,"GPAI, Classical_ML",System,MIT AI Risk Repository v4,Bengio2024 | Cui2024 | Deng2023 | G'sell2024 | Gabriel2024 | Giarmoleo2024 | Gipiškis2024 | Habbal2024 | Hagendorff2024 | Hammond2025 | Hogenhout2021 | IBM2025 | InfoComm2023 | Li2025 | Liu2024 | Maham2023 | Marchal2024 | NIST2024 | Perlo2025 | Saghiri2022 | Schnitzer2024 | Sherman2023 | Stanley2024 | Steimers2022 | TC2602024 | Tan2022 | Vidgen2024 | Wang2025 | Weidinger2021 | Weidinger2022 | Weidinger2023 | Wirtz2022 | Zeng2024 | Zhang2023,34,"23894 obj A.8; src 6; mech B.5 | 42001 ctrl A.7.4, A.7.5, A.5.4",,,,OWASP Top 10 for LLM Applications 2025 | MITRE ATLAS v5.6.0 | NIST AI 600-1 Generative AI Profile | NIST AI 100-2 Adversarial Machine Learning | IBM AI Risk Atlas | Cisco AI Security Framework | ISO/IEC 42001:2023 | ISO/IEC 23894:2023,,,
MR-009.1,Sub-risk,Prompt-induced leakage of sensitive data,"Crafted prompts induce the model to reveal sensitive data from its training set, context, or memory.","Data, privacy & content liability",,,,,MITRE ATLAS v5.6.0,,,,,,,,MR-009,AML.T0057,LLM Data Leakage
MR-009.2,Sub-risk,Data exfiltration via rendered output,The model is induced to emit private data through rendered elements such as markdown images or links that call out to an attacker.,"Data, privacy & content liability",,,,,MITRE ATLAS v5.6.0,,,,,,,,MR-009,AML.T0077,LLM Response Rendering
MR-009.3,Sub-risk,Harvesting data from AI-enabled services,Access to the deployer's AI services is used to collect the data those services hold.,"Data, privacy & content liability",,,,,MITRE ATLAS v5.6.0,,,,,,,,MR-009,AML.T0085,Data from AI Services
MR-010,Risk,Prompt injection and jailbreaking,"Adversarial inputs (prompt injection, jailbreaks, goal hijacking, prompt leaking) bypass instructions or safety controls.",Security & adversarial,2. Privacy & Security,2.2 > AI system security vulnerabilities and attacks,"GPAI, Agentic",System,MIT AI Risk Repository v4,Anwar2024 | Cui2024 | G'sell2024 | Gabriel2024 | Gipiškis2024 | Hagendorff2024 | IBM2025 | Marchal2024 | Nah2023 | Sun2023 | Wang2025,11,"23894 obj A.11; src 7; mech B.5 | 42001 ctrl A.6.2.4, A.6.2.6",,,,OWASP Top 10 for LLM Applications 2025 | MITRE ATLAS v5.6.0 | OWASP Top 10 for Agentic Applications 2026 | NIST AI 100-2 Adversarial Machine Learning | IBM AI Risk Atlas | Cisco AI Security Framework | ISO/IEC 42001:2023 | ISO/IEC 23894:2023,,,
MR-010.1,Sub-risk,Prompt injection of the deployed LLM,Malicious instructions in user input or retrieved content cause the LLM to ignore its intended task and act on the attacker's instructions.,Security & adversarial,,,,,MITRE ATLAS v5.6.0,,,,,,,,MR-010,AML.T0051,LLM Prompt Injection
MR-010.2,Sub-risk,Jailbreak and safety-guardrail bypass,"Crafted inputs make the model ignore, circumvent, or override its safety restrictions.",Security & adversarial,,,,,MITRE ATLAS v5.6.0,,,,,,,,MR-010,AML.T0054,LLM Jailbreak
MR-010.3,Sub-risk,Self-replicating prompt injection,"A prompt-injection payload is crafted to copy itself onward, spreading across messages, documents, or agents.",Security & adversarial,,,,,MITRE ATLAS v5.6.0,,,,,,,,MR-010,AML.T0061,LLM Prompt Self-Replication
MR-010.4,Sub-risk,Manipulation of trusted output components,"Prompts cause the model to manipulate citations, links, or UI components users trust, masking malicious content.",Security & adversarial,,,,,MITRE ATLAS v5.6.0,,,,,,,,MR-010,AML.T0067,LLM Trusted Output Components Manipulation
MR-010.5,Sub-risk,Obfuscated prompt injection evading filters,Injected instructions are encoded or hidden so they evade input and content filters.,Security & adversarial,,,,,MITRE ATLAS v5.6.0,,,,,,,,MR-010,AML.T0068,LLM Prompt Obfuscation
MR-010.6,Sub-risk,Retrieval-augmented generation (RAG) poisoning,"Malicious content is injected into the knowledge base a RAG system retrieves from, steering answers and actions.",Security & adversarial,,,,,MITRE ATLAS v5.6.0,,,,,,,,MR-010,AML.T0070,RAG Poisoning
MR-010.7,Sub-risk,False RAG entry injection,Fabricated entries are introduced into the retrieval store so the model surfaces attacker-controlled information.,Security & adversarial,,,,,MITRE ATLAS v5.6.0,,,,,,,,MR-010,AML.T0071,False RAG Entry Injection
MR-010.8,Sub-risk,Tampering with user chat history,An attacker alters the conversation history the model relies on to cover tracks or steer behavior.,Security & adversarial,,,,,MITRE ATLAS v5.6.0,,,,,,,,MR-010,AML.T0092,Manipulate User LLM Chat History
MR-010.9,Sub-risk,Indirect prompt injection via a public-facing surface,"Malicious prompts are planted in content the system ingests (web pages, documents, tickets) and execute when processed.",Security & adversarial,,,,,MITRE ATLAS v5.6.0,,,,,,,,MR-010,AML.T0093,Prompt Infiltration via Public-Facing Application
MR-010.10,Sub-risk,Delayed or triggered prompt instructions,Injected instructions lie dormant and execute on a later trigger or future interaction.,Security & adversarial,,,,,MITRE ATLAS v5.6.0,,,,,,,,MR-010,AML.T0094,Delay Execution of LLM Instructions
MR-011,Risk,Unlawful or non-consensual collection and processing of personal data,"Personal data is collected or processed (e.g. via scraping, secondary use, or without consent) in violation of privacy law and expectations, as distinct from that data later leaking in outputs (MR-009).","Data, privacy & content liability",2. Privacy & Security,2.1 > Compromise of privacy by leaking or correctly inferring sensitive information,"GPAI, Classical_ML",Both,MIT AI Risk Repository v4,Abercrombie2024 | EPIC2023 | Gabriel2024 | IBM2025 | Kumar2023 | Li2025 | Solaiman2023 | TC2602024 | Teixeira2022 | Weidinger2023,10,"23894 obj A.8; src 6; mech B.5 | 42001 ctrl A.7.3, A.7.5",Art. 10 | Art. 26(9),,,EU AI Act 2024/1689 + GPAI Code of Practice | NIST AI 600-1 Generative AI Profile | IBM AI Risk Atlas | ISO/IEC 42001:2023 | ISO/IEC 23894:2023,,,
MR-012,Risk,Adversarial examples and evasion attacks,Crafted input perturbations cause the model to misclassify or behave incorrectly (evasion/adversarial-example attacks).,Security & adversarial,2. Privacy & Security,2.2 > AI system security vulnerabilities and attacks,"Classical_ML, GPAI",System,MIT AI Risk Repository v4,Cui2024 | Everitt2018 | Gipiškis2024 | IBM2025 | Liu2024 | Marchal2024 | TC2602024 | Uuk2025 | Zhang2022,9,"23894 obj A.11, A.9; src 6, 7; mech B.5 | 42001 ctrl A.6.2.4",,,,MITRE ATLAS v5.6.0 | NIST AI 100-2 Adversarial Machine Learning | IBM AI Risk Atlas | Cisco AI Security Framework | ISO/IEC 42001:2023 | ISO/IEC 23894:2023,,,
MR-012.1,Sub-risk,Model evasion via adversarial input,"Inputs are crafted so the model misclassifies or fails to detect what it should, defeating its purpose.",Security & adversarial,,,,,MITRE ATLAS v5.6.0,,,,,,,,MR-012,AML.T0015,Evade AI Model
MR-012.2,Sub-risk,Integrity erosion via adversarial inputs,A stream of adversarial inputs degrades the model's accuracy and trustworthiness over time.,Security & adversarial,,,,,MITRE ATLAS v5.6.0,,,,,,,,MR-012,AML.T0031,Erode AI Model Integrity
MR-012.3,Sub-risk,Physical-world adversarial manipulation,"Physical artifacts (markings, objects, signals) are altered to fool perception models in the real world.",Security & adversarial,,,,,MITRE ATLAS v5.6.0,,,,,,,,MR-012,AML.T0041,Physical Environment Access
MR-012.4,Sub-risk,Crafted adversarial data,Perturbed inputs are engineered to induce incorrect or attacker-chosen model outputs.,Security & adversarial,,,,,MITRE ATLAS v5.6.0,,,,,,,,MR-012,AML.T0043,Craft Adversarial Data
MR-013,Risk,Disclosure of confidential or proprietary information,"Confidential, proprietary, or trade-secret information (organizational or third-party secrets, as distinct from personal data covered by MR-009 and MR-011) is leaked through user prompts, model outputs, or system-prompt extraction.","Data, privacy & content liability",2. Privacy & Security,2.1 > Compromise of privacy by leaking or correctly inferring sensitive information,"GPAI, Agentic",Both,MIT AI Risk Repository v4,AIVerify2023 | Abercrombie2024 | Cunha2023 | EPIC2023 | IBM2025 | Li2025 | NIST2024 | Nah2023 | Zeng2024,9,"23894 obj A.8, A.11; src 6, 10; mech B.5 | 42001 ctrl A.7.2, A.8.2",,,,OWASP Top 10 for LLM Applications 2025 | MITRE ATLAS v5.6.0 | NIST AI 100-2 Adversarial Machine Learning | IBM AI Risk Atlas | Cisco AI Security Framework | ISO/IEC 42001:2023 | ISO/IEC 23894:2023,,,
MR-013.1,Sub-risk,Exfiltration of AI artifacts via cyber means,"Models, data, or other AI artifacts are exfiltrated using conventional intrusion techniques.","Data, privacy & content liability",,,,,MITRE ATLAS v5.6.0,,,,,,,,MR-013,AML.T0025,Exfiltration via Cyber Means
MR-013.2,Sub-risk,System-prompt and instruction extraction,"Attackers extract the system prompt and hidden instructions, exposing proprietary logic and guardrails.","Data, privacy & content liability",,,,,MITRE ATLAS v5.6.0,,,,,,,,MR-013,AML.T0056,Extract LLM System Prompt
MR-014,Risk,Data and model poisoning and backdoors,Adversaries corrupt training/fine-tuning data or implant backdoors/trojans that alter model behavior under triggers.,Security & adversarial,2. Privacy & Security,2.2 > AI system security vulnerabilities and attacks,"GPAI, Classical_ML, Agentic",System,MIT AI Risk Repository v4,Cui2024 | Gipiškis2024 | Hammond2025 | IBM2025 | Liu2024 | Marchal2024 | Schnitzer2024 | TC2602024 | Tang2025,9,"23894 obj A.11; src 6, 10; mech B.5 | 42001 ctrl A.7.3, A.7.5",,,,OWASP Top 10 for LLM Applications 2025 | MITRE ATLAS v5.6.0 | NIST AI 100-2 Adversarial Machine Learning | IBM AI Risk Atlas | Cisco AI Security Framework | ISO/IEC 42001:2023 | ISO/IEC 23894:2023,,,
MR-014.1,Sub-risk,Direct model manipulation and backdoor insertion,The model is altered directly to change its behavior or embed a hidden backdoor trigger.,Security & adversarial,,,,,MITRE ATLAS v5.6.0,,,,,,,,MR-014,AML.T0018,Manipulate AI Model
MR-014.2,Sub-risk,Poisoned datasets published for ingestion,Poisoned datasets are placed where the deployer is likely to collect and train on them.,Security & adversarial,,,,,MITRE ATLAS v5.6.0,,,,,,,,MR-014,AML.T0019,Publish Poisoned Datasets
MR-014.3,Sub-risk,Training-data poisoning,Adversaries modify training or fine-tuning data to degrade the model or implant chosen behavior.,Security & adversarial,,,,,MITRE ATLAS v5.6.0,,,,,,,,MR-014,AML.T0020,Poison Training Data
MR-014.4,Sub-risk,Dataset integrity erosion,Portions of a dataset are poisoned or altered to reduce its usefulness and reliability.,Security & adversarial,,,,,MITRE ATLAS v5.6.0,,,,,,,,MR-014,AML.T0059,Erode Dataset Integrity
MR-015,Risk,Residual AI system security and availability weaknesses,"The system is broadly vulnerable to attack or disruption, including denial-of-service and resource-exhaustion (sponge) attacks.",Security & adversarial,2. Privacy & Security,2.2 > AI system security vulnerabilities and attacks,"GPAI, Classical_ML, Agentic",System,MIT AI Risk Repository v4,Cui2024 | Gipiškis2024 | Habbal2024 | Saghiri2022 | Tan2022 | Wang2025 | Wirtz2022 | Zeng2024,8,"23894 obj A.11; src 9; mech B.6 | 42001 ctrl A.6.2.4, A.4.5",Art. 15,S&S Ch. Commitment 6,,EU AI Act 2024/1689 + GPAI Code of Practice | OWASP Top 10 for LLM Applications 2025 | MITRE ATLAS v5.6.0 | NIST AI 600-1 Generative AI Profile | OWASP Top 10 for Agentic Applications 2026 | NIST AI 100-2 Adversarial Machine Learning | Cisco AI Security Framework | ISO/IEC 42001:2023 | ISO/IEC 23894:2023,,,
MR-015.1,Sub-risk,Abuse of valid accounts against the AI system,Stolen or abused legitimate credentials grant access to the AI system and its data.,Security & adversarial,,,,,MITRE ATLAS v5.6.0,,,,,,,,MR-015,AML.T0012,Valid Accounts
MR-015.2,Sub-risk,Denial of AI service,The AI service is flooded with requests to degrade or deny availability to legitimate users.,Security & adversarial,,,,,MITRE ATLAS v5.6.0,,,,,,,,MR-015,AML.T0029,Denial of AI Service
MR-015.3,Sub-risk,Cost harvesting (denial of wallet),Adversaries deliberately drive the AI service beyond normal load to inflate operating cost.,Security & adversarial,,,,,MITRE ATLAS v5.6.0,,,,,,,,MR-015,AML.T0034,Cost Harvesting
MR-015.4,Sub-risk,Chaff-data flooding of the AI system,The system is spammed with inputs that inflate false detections and overwhelm downstream review.,Security & adversarial,,,,,MITRE ATLAS v5.6.0,,,,,,,,MR-015,AML.T0046,Spamming AI System with Chaff Data
MR-015.5,Sub-risk,Downstream external harms from a compromised AI system,"A compromised AI system is abused to cause financial, reputational, user, or societal harm beyond the system itself.",Security & adversarial,,,,,MITRE ATLAS v5.6.0,,,,,,,,MR-015,AML.T0048,External Harms
MR-015.6,Sub-risk,Exploitation of the public-facing AI application,A weakness in the internet-facing AI application is exploited to gain access.,Security & adversarial,,,,,MITRE ATLAS v5.6.0,,,,,,,,MR-015,AML.T0049,Exploit Public-Facing Application
MR-015.7,Sub-risk,Drive-by compromise of AI system users,Users are compromised by visiting attacker-influenced content during normal AI system use.,Security & adversarial,,,,,MITRE ATLAS v5.6.0,,,,,,,,MR-015,AML.T0078,Drive-by Compromise
MR-015.8,Sub-risk,Container or sandbox escape from the AI environment,An attacker breaks out of the AI system's container or sandbox to reach the host.,Security & adversarial,,,,,MITRE ATLAS v5.6.0,,,,,,,,MR-015,AML.T0105,Escape to Host
MR-015.9,Sub-risk,Machine compromise via AI components,AI-enabled components are exploited or manipulated to compromise the underlying machine.,Security & adversarial,,,,,MITRE ATLAS v5.6.0,,,,,,,,MR-015,AML.T0112,Machine Compromise
MR-016,Risk,"Model theft, extraction and weight leakage","Model weights or behavior are stolen via extraction attacks or leaked, causing IP loss and loss of control over the model.",Security & adversarial,2. Privacy & Security,2.2 > AI system security vulnerabilities and attacks,"GPAI, Classical_ML",System,MIT AI Risk Repository v4,Cui2024 | Gabriel2024 | Gipiškis2024 | IBM2025 | Marchal2024 | Sherman2023 | Wang2025,7,"23894 obj A.11; src 7, 9; mech B.6 | 42001 ctrl A.4.5",,,,OWASP Top 10 for LLM Applications 2025 | MITRE ATLAS v5.6.0 | NIST AI 100-2 Adversarial Machine Learning | IBM AI Risk Atlas | Cisco AI Security Framework | ISO/IEC 42001:2023 | ISO/IEC 23894:2023,,,
MR-016.1,Sub-risk,Model or data extraction via the inference API,Repeated API queries are used to reconstruct the model or recover its training data.,Security & adversarial,,,,,MITRE ATLAS v5.6.0,,,,,,,,MR-016,AML.T0024,Exfiltration via AI Inference API
MR-016.2,Sub-risk,Collection of AI artifacts for exfiltration,"Models, weights, and related artifacts are gathered on the victim system in preparation for theft.",Security & adversarial,,,,,MITRE ATLAS v5.6.0,,,,,,,,MR-016,AML.T0035,AI Artifact Collection
MR-016.3,Sub-risk,White-box model access enabling theft,"Adversaries obtain full access to model weights and architecture, enabling theft and tailored attacks.",Security & adversarial,,,,,MITRE ATLAS v5.6.0,,,,,,,,MR-016,AML.T0044,Full AI Model Access
MR-017,Risk,Privacy-invasive inference and re-identification,"The system infers sensitive attributes about, or re-identifies, individuals beyond what was explicitly provided.","Data, privacy & content liability",2. Privacy & Security,2.1 > Compromise of privacy by leaking or correctly inferring sensitive information,"GPAI, Classical_ML",System,MIT AI Risk Repository v4,Bengio2025 | DSIT2023 | Gabriel2024 | IBM2025 | Li2025 | Weidinger2023,6,"23894 obj A.8; src 6; mech B.5 | 42001 ctrl A.5.4, A.7.5",,,,NIST AI 600-1 Generative AI Profile | NIST AI 100-2 Adversarial Machine Learning | IBM AI Risk Atlas | Cisco AI Security Framework | ISO/IEC 42001:2023 | ISO/IEC 23894:2023,,,
MR-018,Risk,AI supply-chain and infrastructure vulnerabilities,"Vulnerabilities in AI frameworks, dependencies, hardware, or reused third-party/foundation models propagate risk to the deployed system.",Third party & supply chain,2. Privacy & Security,2.2 > AI system security vulnerabilities and attacks,"GPAI, Classical_ML, Agentic",Both,MIT AI Risk Repository v4,Cui2024 | NIST2024 | Sharma2024 | TC2602024 | Uuk2025,5,"23894 obj A.11; src 9, 10; mech B.6 | 42001 ctrl A.10.3, A.4.4",,S&S Ch. Commitment 6,,EU AI Act 2024/1689 + GPAI Code of Practice | OWASP Top 10 for LLM Applications 2025 | MITRE ATLAS v5.6.0 | NIST AI 600-1 Generative AI Profile | OWASP Top 10 for Agentic Applications 2026 | NIST AI 100-2 Adversarial Machine Learning | Cisco AI Security Framework | ISO/IEC 42001:2023 | ISO/IEC 23894:2023,,,
MR-018.1,Sub-risk,AI supply-chain compromise,"A compromised model, dataset, library, or hardware component enters the system through the supply chain.",Third party & supply chain,,,,,MITRE ATLAS v5.6.0,,,,,,,,MR-018,AML.T0010,AI Supply Chain Compromise
MR-018.2,Sub-risk,Poisoned models published to registries,A backdoored or poisoned model is published to a public registry to be adopted by victims.,Third party & supply chain,,,,,MITRE ATLAS v5.6.0,,,,,,,,MR-018,AML.T0058,Publish Poisoned Models
MR-018.3,Sub-risk,Hallucinated-entity (slopsquatting) supply-chain attack,"Adversaries register packages or resources matching names the model commonly hallucinates, so its recommendations deliver malicious artifacts.",Third party & supply chain,,,,,MITRE ATLAS v5.6.0,,,,,,,,MR-018,AML.T0060,Publish Hallucinated Entities
MR-018.4,Sub-risk,Masquerading of malicious AI artifacts,Malicious models or files are disguised to appear legitimate and trusted.,Third party & supply chain,,,,,MITRE ATLAS v5.6.0,,,,,,,,MR-018,AML.T0074,Masquerading
MR-018.5,Sub-risk,Corrupted model file evading scanning,A malicious model file is deliberately corrupted so security scanners cannot inspect it.,Third party & supply chain,,,,,MITRE ATLAS v5.6.0,,,,,,,,MR-018,AML.T0076,Corrupt AI Model
MR-018.6,Sub-risk,Poisoned AI agent tools published,"Malicious agent tools are published for adoption, carrying hidden harmful behavior.",Third party & supply chain,,,,,MITRE ATLAS v5.6.0,,,,,,,,MR-018,AML.T0104,Publish Poisoned AI Agent Tool
MR-018.7,Sub-risk,AI supply-chain rug pull,"A genuinely useful AI component gains adoption, then a later update turns malicious.",Third party & supply chain,,,,,MITRE ATLAS v5.6.0,,,,,,,,MR-018,AML.T0109,AI Supply Chain Rug Pull
MR-018.8,Sub-risk,AI supply-chain reputation inflation,Adversaries inflate the apparent trustworthiness of malicious AI components to drive adoption.,Third party & supply chain,,,,,MITRE ATLAS v5.6.0,,,,,,,,MR-018,AML.T0111,AI Supply Chain Reputation Inflation
MR-019,Risk,Insecure or vulnerable code generation,The system generates code containing security vulnerabilities that propagate into production software.,Model & system behaviour,2. Privacy & Security,2.2 > AI system security vulnerabilities and attacks,"GPAI, Agentic",System,MIT AI Risk Repository v4,Cui2024 | Gabriel2024 | Gipiškis2024 | IBM2025,4,23894 obj A.11; src 7; mech B.5 | 42001 ctrl A.6.2.4,,,,IBM AI Risk Atlas | Cisco AI Security Framework | ISO/IEC 42001:2023 | ISO/IEC 23894:2023,,,
MR-020,Risk,"Insecure integration with external tools, plugins and APIs","Connecting the system to external tools/plugins/APIs introduces injection, data-exfiltration, sandbox-escape, or unintended-action vectors.",Security & adversarial,"7. AI System Safety, Failures, & Limitations",7.2 > AI possessing dangerous capabilities,"GPAI, Agentic",System,MIT AI Risk Repository v4,Anwar2024 | Cui2024 | Gipiškis2024 | Tse2025,4,"23894 obj A.11; src 9, 10; mech B.6 | 42001 ctrl A.6.2.5, A.10.3",,,,OWASP Top 10 for LLM Applications 2025 | OWASP Top 10 for Agentic Applications 2026 | NIST AI 100-2 Adversarial Machine Learning | IBM AI Risk Atlas | Cisco AI Security Framework | ISO/IEC 42001:2023 | ISO/IEC 23894:2023,,,
MR-021,Risk,Hallucination and fabricated output,"The system confidently generates false, fabricated, or unfaithful content (hallucination/confabulation) that misleads users.",Model & system behaviour,3. Misinformation,3.1 > False or misleading information,GPAI,System,MIT AI Risk Repository v4,Abercrombie2024 | Anwar2024 | Bengio2024 | Clarke2023 | Cui2024 | Cunha2023 | Deng2023 | EPIC2023 | Ferrara2023 | G'sell2024 | Gabriel2024 | Gipiškis2024 | IBM2025 | InfoComm2023 | Ji2023 | Li2025 | Liu2024 | Marchal2024 | NIST2024 | Nah2023 | Stanley2024 | TC2602024 | Tse2025 | Uuk2025 | Wang2025 | Weidinger2021 | Weidinger2022 | Weidinger2023,28,"23894 obj A.4, A.9; src 6; mech B.5, B.8 | 42001 ctrl A.6.2.4, A.8.2",,,,OWASP Top 10 for LLM Applications 2025 | NIST AI 600-1 Generative AI Profile | IBM AI Risk Atlas | Cisco AI Security Framework | ISO/IEC 42001:2023 | ISO/IEC 23894:2023,,,
MR-022,Risk,Unsafe or incorrect advice in high-stakes domains,"The system gives wrong or unsafe medical, legal, financial, or electoral advice that users may act on to their detriment.",Model & system behaviour,"7. AI System Safety, Failures, & Limitations",7.3 > Lack of capability or robustness,GPAI,System,MIT AI Risk Repository v4,Abercrombie2024 | Anwar2024 | Bengio2025 | Gabriel2024 | IBM2025 | Li2025 | Liu2024 | Solaiman2023 | Stanley2024 | Sun2023 | Vidgen2024 | Weidinger2022 | Zeng2024 | Zhang2023,14,"23894 obj A.10, A.9; src 8; mech B.2 | 42001 ctrl A.9.4, A.8.2",,,,IBM AI Risk Atlas | Cisco AI Security Framework | ISO/IEC 42001:2023 | ISO/IEC 23894:2023,,,
MR-023,Risk,Contribution to misinformation and information-ecosystem degradation,"The system generates or spreads inaccurate content at scale, polluting the information ecosystem and eroding trust in information, without necessarily deliberate intent (as distinct from coordinated influence operations, MR-026).",Model & system behaviour,3. Misinformation,3.2 > Pollution of information ecosystem and loss of consensus reality,GPAI,Both,MIT AI Risk Repository v4,Clarke2023 | Coghlan2023 | DSIT2023 | EPIC2023 | Ferrara2023 | Hammond2025 | Hogenhout2021 | Li2025 | Maas2023 | NIST2024 | TC2602024 | Uuk2025,12,"23894 obj A.12; src 8; mech B.8 | 42001 ctrl A.8.2, A.5.5",,,,OWASP Top 10 for LLM Applications 2025 | NIST AI 600-1 Generative AI Profile | ISO/IEC 42001:2023 | ISO/IEC 23894:2023,,,
MR-024,Risk,Defamation and false statements about people,"The system generates false statements about real, identifiable people or organizations that damage reputation.","Data, privacy & content liability",4. Malicious Actors & Misuse,"4.1 > Disinformation, surveillance, and influence at scale",GPAI,System,MIT AI Risk Repository v4,Abercrombie2024 | Ghosh2024 | Li2025 | Stanley2024 | Vidgen2024 | Weidinger2023 | Zeng2024,7,23894 obj A.9; src 6; mech B.5 | 42001 ctrl A.6.2.4,,,,ISO/IEC 42001:2023 | ISO/IEC 23894:2023,,,
MR-025,Risk,"Overconfidence, sycophancy and poor calibration","The system expresses unwarranted confidence, agrees with user errors (sycophancy), or is poorly calibrated, masking its unreliability.",Model & system behaviour,3. Misinformation,3.1 > False or misleading information,GPAI,System,MIT AI Risk Repository v4,Cui2024 | Gipiškis2024 | Hagendorff2024 | Liu2024,4,"23894 obj A.9, A.12; src 6; mech B.8 | 42001 ctrl A.6.2.4",,,,ISO/IEC 42001:2023 | ISO/IEC 23894:2023,,,
MR-026,Risk,Disinformation and influence operations,"The system is used to deliberately produce disinformation, propaganda, or influence/election-interference campaigns at scale (as distinct from unintentional information-ecosystem degradation, MR-023).",Model & system behaviour,4. Malicious Actors & Misuse,"4.1 > Disinformation, surveillance, and influence at scale","GPAI, Agentic",System,MIT AI Risk Repository v4,Abercrombie2024 | Allianz2018 | Anwar2024 | Bengio2024 | Bengio2025 | Clarke2023 | DSIT2023 | EPIC2023 | Ferrara2023 | G'sell2024 | Gabriel2024 | Ghosh2024 | Gipiškis2024 | Habbal2024 | Hammond2025 | Hendrycks2022 | Hendrycks2023 | IBM2025 | InfoComm2023 | Li2025 | Liu2024 | Maas2023 | Maham2023 | Nah2023 | Perlo2025 | Schnitzer2024 | Shelby2023 | Shevlane2023 | Stanley2024 | TC2602024 | Teixeira2022 | Vidgen2024 | Weidinger2022 | Weidinger2023 | Wirtz2022 | Zeng2024 | Zhang2022,37,"23894 obj A.10; src 7 | 42001 ctrl A.5.5, A.9.4",,,,NIST AI 600-1 Generative AI Profile | IBM AI Risk Atlas | Cisco AI Security Framework | ISO/IEC 42001:2023 | ISO/IEC 23894:2023,,,
MR-027,Risk,AI-enabled cyberattacks and offensive cyber operations,"The system is used to create malware, discover/exploit vulnerabilities, or automate and scale cyberattacks (and the deployer may be a target).",Model & system behaviour,4. Malicious Actors & Misuse,"4.2 > Cyberattacks, weapon development or use, and mass harm","GPAI, Agentic",Both,MIT AI Risk Repository v4,Abercrombie2024 | Allianz2018 | Bengio2025 | Chin2025 | Cui2024 | EPIC2023 | G'sell2024 | Gabriel2024 | Gipiškis2024 | Hogenhout2021 | InfoComm2023 | Ji2023 | Leech2024 | Li2025 | Liu2024 | Maas2023 | Meek2016 | Shevlane2023 | Teixeira2022 | Tse2025 | Weidinger2022 | Wirtz2022 | Yampolskiy2016 | Zeng2024,24,23894 obj A.11; src 7 | 42001 ctrl A.9.4,,,,MITRE ATLAS v5.6.0 | NIST AI 600-1 Generative AI Profile | Cisco AI Security Framework | ISO/IEC 42001:2023 | ISO/IEC 23894:2023,,,
MR-027.1,Sub-risk,LLM-generated malicious commands,The model is driven to dynamically generate malicious commands or code used to attack systems.,Model & system behaviour,,,,,MITRE ATLAS v5.6.0,,,,,,,,MR-027,AML.T0102,Generate Malicious Commands
MR-028,Risk,"AI-enabled fraud, scams and social engineering","The system is used to conduct or scale fraud, scams, phishing, social engineering, or market manipulation.",Model & system behaviour,4. Malicious Actors & Misuse,"4.3 > Fraud, scams, and targeted manipulation","GPAI, Agentic",Both,MIT AI Risk Repository v4,Anwar2024 | Bengio2024 | DSIT2023 | EPIC2023 | Ferrara2023 | Gabriel2024 | Ghosh2024 | Gipiškis2024 | Hammond2025 | Li2025 | Maham2023 | NIST2024 | Shevlane2023 | Sun2023 | TC2602024 | Tse2025 | Vidgen2024 | Wang2025 | Weidinger2021 | Weidinger2022 | Weidinger2023 | Yampolskiy2016 | Zeng2024 | Zhang2023,24,23894 obj A.11; src 7 | 42001 ctrl A.9.4,,,,MITRE ATLAS v5.6.0 | Cisco AI Security Framework | ISO/IEC 42001:2023 | ISO/IEC 23894:2023,,,
MR-028.1,Sub-risk,User-execution social engineering,"Users are manipulated into actions (opening content, running code) that compromise the AI system.",Model & system behaviour,,,,,MITRE ATLAS v5.6.0,,,,,,,,MR-028,AML.T0011,User Execution
MR-028.2,Sub-risk,AI-enabled phishing for system access,AI-generated phishing messages are used to gain access to the deployer's systems.,Model & system behaviour,,,,,MITRE ATLAS v5.6.0,,,,,,,,MR-028,AML.T0052,Phishing
MR-029,Risk,"Facilitation of weapons, CBRN and serious physical harm (capability uplift)","The system lowers barriers to chemical, biological, radiological, nuclear, explosive or other weapons and dangerous activities by providing actionable how-to information or uplift.",Model & system behaviour,4. Malicious Actors & Misuse,"4.2 > Cyberattacks, weapon development or use, and mass harm","GPAI, Agentic",System,MIT AI Risk Repository v4,Abercrombie2024 | Anwar2024 | Bengio2025 | Chin2025 | Clarke2023 | DSIT2023 | G'sell2024 | Gabriel2024 | Ghosh2024 | Gipiškis2024 | Hendrycks2022 | Hendrycks2023 | InfoComm2023 | Maas2023 | Maham2023 | NIST2024 | Shevlane2023 | TC2602024 | Tang2025 | Tse2025 | Uuk2025 | Vidgen2024 | Weidinger2023,23,"23894 obj A.10; src 7 | 42001 ctrl A.5.5, A.9.4",,,,NIST AI 600-1 Generative AI Profile | Cisco AI Security Framework | ISO/IEC 42001:2023 | ISO/IEC 23894:2023,,,
MR-030,Risk,"Manipulation, persuasion and dark patterns","The system covertly manipulates user beliefs or behavior through persuasion, nudging, dark patterns, or exploitation of cognitive biases.",Human & usage,"7. AI System Safety, Failures, & Limitations",5.1 > Overreliance and unsafe use,"GPAI, Agentic",System,MIT AI Risk Repository v4,Abercrombie2024 | Allianz2018 | Clarke2023 | Cui2024 | DSIT2023 | G'sell2024 | GOS2023 | Gabriel2024 | Gipiškis2024 | Hagendorff2024 | Hogenhout2021 | InfoComm2023 | Li2025 | Meek2016 | NIST2024 | Shelby2023 | Shevlane2023 | Tan2022 | Tse2025 | Uuk2025 | Weidinger2022 | Weidinger2023,22,"23894 obj A.10; src 7 | 42001 ctrl A.5.4, A.9.4",Art. 5(a) | Art. 5(b),,,EU AI Act 2024/1689 + GPAI Code of Practice | OWASP Top 10 for Agentic Applications 2026 | ISO/IEC 42001:2023 | ISO/IEC 23894:2023,,,
MR-031,Risk,"Impersonation, deepfakes and synthetic media","The system is used to impersonate people via deepfakes, voice cloning, or synthetic identities, or to misuse a person's likeness.",Model & system behaviour,4. Malicious Actors & Misuse,"4.3 > Fraud, scams, and targeted manipulation",GPAI,Both,MIT AI Risk Repository v4,Abercrombie2024 | Cunha2023 | EPIC2023 | Ferrara2023 | G'sell2024 | Gabriel2024 | Gipiškis2024 | Habbal2024 | Hagendorff2024 | Hogenhout2021 | IBM2025 | Kilian2023 | Li2025 | Marchal2024 | Nah2023 | Sherman2023 | Shevlane2023 | Tse2025 | Uuk2025 | Weidinger2021 | Weidinger2023,21,"23894 obj A.10, A.8; src 7 | 42001 ctrl A.9.4",Art. 50(4),,,EU AI Act 2024/1689 + GPAI Code of Practice | MITRE ATLAS v5.6.0 | NIST AI 600-1 Generative AI Profile | IBM AI Risk Atlas | Cisco AI Security Framework | ISO/IEC 42001:2023 | ISO/IEC 23894:2023,,,
MR-031.1,Sub-risk,Impersonation of trusted parties,The system is used to impersonate a trusted person or organization to deceive targets.,Model & system behaviour,,,,,MITRE ATLAS v5.6.0,,,,,,,,MR-031,AML.T0073,Impersonation
MR-031.2,Sub-risk,Deepfake generation using the deployed system,"Generative capability is used to produce synthetic media for deception, fraud, or reputational harm.",Model & system behaviour,,,,,MITRE ATLAS v5.6.0,,,,,,,,MR-031,AML.T0088,Generate Deepfakes
MR-032,Risk,Deliberate misuse and repurposing for harm,"The system's dual-use capabilities are deliberately repurposed for harm (e.g. harmful fine-tuning of open weights, jailbreak-to-misuse, model diversion).",Human & usage,4. Malicious Actors & Misuse,X.1 > Excluded,"GPAI, Agentic",Both,MIT AI Risk Repository v4,Abercrombie2024 | Anwar2024 | Bengio2024 | Bengio2025 | Cui2024 | Deng2023 | GOS2023 | Gabriel2024 | Giarmoleo2024 | Gipiškis2024 | Hendrycks2023 | IBM2025 | Li2025 | Liu2024 | Marchal2024 | Tang2025 | Tse2025 | Uuk2025 | Weidinger2021,19,"23894 obj A.10, A.11; src 7 | 42001 ctrl A.9.2, A.9.4",,,,NIST AI 100-2 Adversarial Machine Learning | IBM AI Risk Atlas | Cisco AI Security Framework | ISO/IEC 42001:2023 | ISO/IEC 23894:2023,,,
MR-033,Risk,Mass surveillance and censorship enablement,"The system is used to conduct illegitimate mass surveillance, profiling, or censorship of individuals or populations.",Human & usage,4. Malicious Actors & Misuse,"4.1 > Disinformation, surveillance, and influence at scale","GPAI, Classical_ML",Both,MIT AI Risk Repository v4,Abercrombie2024 | Anwar2024 | Ferrara2023 | G'sell2024 | Gabriel2024 | Gipiškis2024 | Hendrycks2022 | Hendrycks2023 | Leech2024 | Li2025 | Perlo2025 | Shelby2023 | Uuk2025 | Weidinger2021 | Weidinger2022 | Wirtz2020 | Wirtz2022,17,"23894 obj A.8; src 7 | 42001 ctrl A.5.5, A.9.4",Art. 5(e) | Art. 26(10) | Art. 50(3),,,EU AI Act 2024/1689 + GPAI Code of Practice | Cisco AI Security Framework | ISO/IEC 42001:2023 | ISO/IEC 23894:2023,,,
MR-034,Risk,Overreliance and automation bias,"Users place uncritical trust in system outputs (automation bias), accepting incorrect results without verification.",Human & usage,5. Human-Computer Interaction,5.1 > Overreliance and unsafe use,"GPAI, Agentic, Classical_ML",Both,MIT AI Risk Repository v4,Abercrombie2024 | G'sell2024 | GOS2023 | Gabriel2024 | Giarmoleo2024 | Gipiškis2024 | IBM2025 | Kumar2023 | NIST2024 | Paes2023 | Stanley2024 | Tse2025 | Uuk2025 | Weidinger2022 | Weidinger2023 | Wirtz2020 | Wirtz2022,17,"23894 obj A.3, A.12; src 4; mech B.4 | 42001 ctrl A.8.2",,,,OWASP Top 10 for LLM Applications 2025 | NIST AI 600-1 Generative AI Profile | OWASP Top 10 for Agentic Applications 2026 | IBM AI Risk Atlas | ISO/IEC 42001:2023 | ISO/IEC 23894:2023,,,
MR-035,Risk,Erosion of human agency and autonomy,"Delegation to and influence from the system erode individuals' ability to make informed, autonomous decisions.",Human & usage,5. Human-Computer Interaction,5.2 > Loss of human agency and autonomy,"GPAI, Agentic",Both,MIT AI Risk Repository v4,AIVerify2023 | Abercrombie2024 | Gabriel2024 | Gipiškis2024 | Hogenhout2021 | IBM2025 | Li2025 | Maas2023 | Meek2016 | Paes2023 | Shelby2023 | Solaiman2023 | Stahl2024 | Uuk2025 | Wirtz2022,15,23894 obj A.10; src 4; mech B.4 | 42001 ctrl A.5.4,,,,NIST AI 600-1 Generative AI Profile | IBM AI Risk Atlas | ISO/IEC 42001:2023 | ISO/IEC 23894:2023,,,
MR-036,Risk,"Anthropomorphism, emotional dependence and psychological harm","Human-like interaction fosters unhealthy emotional dependence or misplaced trust, and related psychological harm, as distinct from content that promotes self-harm.",Human & usage,5. Human-Computer Interaction,5.1 > Overreliance and unsafe use,GPAI,System,MIT AI Risk Repository v4,AIVerify2023 | Abercrombie2024 | Allianz2018 | Gabriel2024 | Li2025 | Perlo2025 | Stanley2024 | Weidinger2021,8,"23894 obj A.10; src 7; mech B.4 | 42001 ctrl A.5.4, A.8.2",,,,NIST AI 600-1 Generative AI Profile | OWASP Top 10 for Agentic Applications 2026 | IBM AI Risk Atlas | ISO/IEC 42001:2023 | ISO/IEC 23894:2023,,,
MR-037,Risk,Environmental footprint of AI,"Training and operating AI systems consume substantial energy, water, and materials, producing carbon emissions, e-waste, and ecosystem harm.",Governance & process,6. Socioeconomic and Environmental,6.6 > Environmental harm,"GPAI, Classical_ML, Agentic",Both,MIT AI Risk Repository v4,Abercrombie2024 | Bengio2024 | Bengio2025 | Chin2025 | Clarke2023 | Coghlan2023 | Cunha2023 | EPIC2023 | G'sell2024 | GOS2023 | Gabriel2024 | Gipiškis2024 | Hagendorff2024 | IBM2025 | Leech2024 | Li2025 | NIST2024 | Paes2023 | Saghiri2022 | Shelby2023 | Solaiman2023 | Stahl2024 | Tan2022 | Tang2025 | Uuk2025 | Weidinger2021 | Weidinger2022 | Weidinger2023,28,23894 obj A.5; src 9; mech B.6 | 42001 ctrl A.4.5,,,,NIST AI 600-1 Generative AI Profile | IBM AI Risk Atlas | ISO/IEC 42001:2023 | ISO/IEC 23894:2023,,,
MR-038,Risk,Workforce displacement and job-quality decline,"Deployment displaces or de-skills the deployer's workers or degrades job quality, creating transition and morale risk.",Human & usage,6. Socioeconomic and Environmental,6.2 > Increased inequality and decline in employment quality,"GPAI, Agentic, Classical_ML",Organization,MIT AI Risk Repository v4,Abercrombie2024 | Allianz2018 | Anwar2024 | Bengio2024 | Bengio2025 | Clarke2023 | Coghlan2023 | DSIT2023 | EPIC2023 | G'sell2024 | Gabriel2024 | Giarmoleo2024 | IBM2025 | Li2025 | Meek2016 | Nah2023 | Paes2023 | Perlo2025 | Sharma2024 | Solaiman2023 | Tse2025 | Uuk2025 | Weidinger2021 | Weidinger2022 | Weidinger2023 | Wirtz2020 | Wirtz2022 | Zeng2024,28,"23894 src 1, 4 | 42001 ctrl A.5.5",,,,IBM AI Risk Atlas | ISO/IEC 42001:2023,,,
MR-039,Risk,Intellectual property and copyright infringement,"The system reproduces copyrighted/trademarked work or misappropriates creators' output, exposing the deployer to IP infringement claims.","Data, privacy & content liability",6. Socioeconomic and Environmental,6.3 > Economic and cultural devaluation of human effort,GPAI,Both,MIT AI Risk Repository v4,Abercrombie2024 | Bengio2024 | Bengio2025 | Cui2024 | EPIC2023 | G'sell2024 | GOS2023 | Ghosh2024 | Hagendorff2024 | IBM2025 | Li2025 | Marchal2024 | Nah2023 | Sherman2023 | Vidgen2024 | Weidinger2021 | Weidinger2022 | Weidinger2023,18,"23894 obj A.8; src 6; mech B.5 | 42001 ctrl A.7.3, A.7.5",Art. 53 (provider),Copyright Ch. Commitment 1,,EU AI Act 2024/1689 + GPAI Code of Practice | NIST AI 600-1 Generative AI Profile | IBM AI Risk Atlas | Cisco AI Security Framework | ISO/IEC 42001:2023 | ISO/IEC 23894:2023,,,
MR-040,Risk,Regulatory non-compliance and legal liability,"The system or its use breaches laws, regulations, or contractual/ethical obligations, exposing the deployer to enforcement and litigation.",Regulatory compliance,6. Socioeconomic and Environmental,6.5 > Governance failure,"GPAI, Classical_ML, Agentic",Organization,MIT AI Risk Repository v4,Anwar2024 | EPIC2023 | G'sell2024 | Hagendorff2024 | IBM2025 | Sun2023 | Uuk2025 | Wirtz2020 | Wirtz2022,9,"23894 obj A.2; src 1 | 42001 ctrl A.2.3, A.8.5, A.10.4",Art. 26(12) | (umbrella for all EU AI Act obligations),,,EU AI Act 2024/1689 + GPAI Code of Practice | IBM AI Risk Atlas | ISO/IEC 42001:2023 | ISO/IEC 23894:2023,,,
MR-041,Risk,Academic and professional dishonesty,"The system is used to plagiarize, cheat, or bypass learning and professional-integrity expectations.",Human & usage,4. Malicious Actors & Misuse,"4.3 > Fraud, scams, and targeted manipulation",GPAI,System,MIT AI Risk Repository v4,Cui2024 | Gipiškis2024 | Hagendorff2024 | IBM2025 | Li2025 | Nah2023 | Saghiri2022 | Zeng2024,8,23894 obj A.10; src 8 | 42001 ctrl A.9.4,,,,IBM AI Risk Atlas | ISO/IEC 42001:2023 | ISO/IEC 23894:2023,,,
MR-042,Risk,Unclear accountability and responsibility for AI decisions,"Responsibility and liability for AI-caused harm are unclear or diffused across developers, deployers, and users.",Governance & process,6. Socioeconomic and Environmental,6.5 > Governance failure,"GPAI, Classical_ML, Agentic",Organization,MIT AI Risk Repository v4,AIVerify2023 | Gabriel2024 | Maham2023 | Perlo2025 | Schnitzer2024 | Teixeira2022 | Uuk2025 | Wirtz2022,8,"23894 obj A.2; src 1 | 42001 ctrl A.3.2, A.10.2",,,,IBM AI Risk Atlas | ISO/IEC 42001:2023 | ISO/IEC 23894:2023,,,
MR-043,Risk,Inadequate AI governance and oversight processes,"The deployer lacks adequate governance, policies, or oversight structures to manage AI risk as the technology and use evolve.",Governance & process,6. Socioeconomic and Environmental,6.5 > Governance failure,"GPAI, Classical_ML, Agentic",Organization,MIT AI Risk Repository v4,Clarke2023 | Habbal2024 | IBM2025 | Leech2024 | McLean2023 | Uuk2025 | Wirtz2022,7,"23894 obj A.2; src 1, 2, 3 | 42001 ctrl A.2.2, A.2.3, A.2.4, A.6.1.2, A.9.2, A.9.3",Art. 9,,,EU AI Act 2024/1689 + GPAI Code of Practice | IBM AI Risk Atlas | ISO/IEC 42001:2023 | ISO/IEC 23894:2023,,,
MR-044,Risk,Exploitative labor in the AI supply chain,"Data labeling, content moderation, or 'ghost work' behind the AI supply chain relies on exploitative or unsafe labor practices, which the deployer is responsible for through supply-chain due diligence.",Third party & supply chain,6. Socioeconomic and Environmental,6.2 > Increased inequality and decline in employment quality,"GPAI, Classical_ML",Organization,MIT AI Risk Repository v4,Abercrombie2024 | Hagendorff2024 | Leech2024 | Li2025 | Shelby2023 | Uuk2025 | Weidinger2023,7,"23894 src 4, 10 | 42001 ctrl A.10.3",,,,IBM AI Risk Atlas | ISO/IEC 42001:2023,,,
MR-045,Risk,"Insufficient documentation, transparency and data provenance","Inadequate documentation of the model, system, or data provenance/value-chain undermines auditability and accountability.",Governance & process,6. Socioeconomic and Environmental,6.5 > Governance failure,"GPAI, Classical_ML, Agentic",Organization,MIT AI Risk Repository v4,AIVerify2023 | IBM2025 | Teixeira2022 | Wirtz2020,4,"23894 obj A.12; src 2 | 42001 ctrl A.4.2, A.6.2.3, A.6.2.7, A.7.5, A.8.2",Art. 13,Transparency Ch. Measure 1.2,,EU AI Act 2024/1689 + GPAI Code of Practice | NIST AI 600-1 Generative AI Profile | IBM AI Risk Atlas | ISO/IEC 42001:2023 | ISO/IEC 23894:2023,,,
MR-046,Risk,"Inadequate evaluation, testing and benchmarking","Evaluation/testing is incomplete or unrepresentative (e.g. benchmark contamination, missing safety evals), giving false assurance.",Governance & process,6. Socioeconomic and Environmental,6.5 > Governance failure,"GPAI, Classical_ML, Agentic",Organization,MIT AI Risk Repository v4,Gabriel2024 | Gipiškis2024 | IBM2025,3,23894 obj A.9; src 2; mech B.8 | 42001 ctrl A.6.2.4,Art. 9 | Art. 15,S&S Ch. Commitments 2-5,,EU AI Act 2024/1689 + GPAI Code of Practice | IBM AI Risk Atlas | ISO/IEC 42001:2023 | ISO/IEC 23894:2023,,,
MR-047,Risk,"Vendor/model concentration, monoculture and correlated failure","Dependence on a few AI providers or homogeneous models creates single points of failure and correlated, systemic failure risk.",Third party & supply chain,6. Socioeconomic and Environmental,6.1 > Power centralization and unfair distribution of benefits,"GPAI, Classical_ML, Agentic",Organization,MIT AI Risk Repository v4,Bengio2024 | GOS2023 | Uuk2025,3,23894 src 10 | 42001 ctrl A.10.3,,,,NIST AI 600-1 Generative AI Profile | OWASP Top 10 for Agentic Applications 2026 | ISO/IEC 42001:2023,,,
MR-048,Risk,AI competence and skills gaps in the organization,"The deployer lacks the AI expertise, literacy, or capacity needed to safely develop, procure, and operate AI systems.",Human & usage,6. Socioeconomic and Environmental,6.5 > Governance failure,"GPAI, Classical_ML, Agentic",Organization,MIT AI Risk Repository v4,Hogenhout2021 | Wirtz2022,2,"23894 obj A.3; src 4 | 42001 ctrl A.4.6, A.3.2",Art. 4,,,EU AI Act 2024/1689 + GPAI Code of Practice | IBM AI Risk Atlas | ISO/IEC 42001:2023 | ISO/IEC 23894:2023,,,
MR-049,Risk,Physical safety harm and accidents,"Failures of AI in safety-critical systems, critical infrastructure, or embodied/robotic settings cause physical injury, accidents, or property damage.",Model & system behaviour,"7. AI System Safety, Failures, & Limitations",X.1 > Excluded,"GPAI, Agentic, Classical_ML",System,MIT AI Risk Repository v4,AIVerify2023 | Abercrombie2024 | Allianz2018 | Cunha2023 | Everitt2018 | Gabriel2024 | Ghosh2024 | Gipiškis2024 | Hendrycks2023 | Kilian2023 | Li2025 | Maham2023 | Meek2016 | Paes2023 | Perlo2025 | Saghiri2022 | Schnitzer2024 | Steimers2022 | Tan2022 | Tang2025 | Teixeira2022 | Tse2025 | Weidinger2021 | Weidinger2022 | Weidinger2023,25,"23894 obj A.10; src 5, 8; mech B.2 | 42001 ctrl A.5.4, A.6.2.4",,,,ISO/IEC 42001:2023 | ISO/IEC 23894:2023,,,
MR-050,Risk,Inaccuracy and poor predictive performance,"The system fails to perform its intended task accurately or helpfully, producing erroneous, low-quality, or generic and homogenized results ('AI slop') that can erode content distinctiveness and organizational credibility, as distinct from fabricated content, brittleness to unusual inputs, and performance drift over time.",Model & system behaviour,"7. AI System Safety, Failures, & Limitations",7.3 > Lack of capability or robustness,"GPAI, Classical_ML, Agentic",System,MIT AI Risk Repository v4,Abercrombie2024 | Bengio2024 | Critch2023 | Everitt2018 | GOS2023 | Gipiškis2024 | Habbal2024 | IBM2025 | InfoComm2023 | Leech2024 | Li2025 | Liu2024 | Meek2016 | Nah2023 | Saghiri2022 | Schnitzer2024 | Steimers2022 | TC2602024 | Tan2022 | Tang2025 | Teixeira2022 | Uuk2025 | Wirtz2022 | Yampolskiy2016 | Zhang2022,25,"23894 obj A.4, A.9; src 6; mech B.5, B.8 | 42001 ctrl A.6.2.4, A.6.2.6",Art. 15,,,EU AI Act 2024/1689 + GPAI Code of Practice | IBM AI Risk Atlas | ISO/IEC 42001:2023 | ISO/IEC 23894:2023,,,
MR-051,Risk,Ethical or value misalignment in outputs and decisions,The system makes or endorses decisions that violate ethical norms or human values it should respect.,Model & system behaviour,"7. AI System Safety, Failures, & Limitations",7.3 > Lack of capability or robustness,"GPAI, Agentic",System,MIT AI Risk Repository v4,Abercrombie2024 | DSIT2023 | Deng2023 | G'sell2024 | Giarmoleo2024 | IBM2025 | InfoComm2023 | Kumar2023 | Leech2024 | Li2025 | McLean2023 | Meek2016 | Saghiri2022 | Sun2023 | Teixeira2022 | Uuk2025 | Wang2025 | Wirtz2020 | Wirtz2022 | Zhang2023,20,"23894 obj A.2; src 2 | 42001 ctrl A.6.1.2, A.5.4",,,,IBM AI Risk Atlas | ISO/IEC 42001:2023 | ISO/IEC 23894:2023,,,
MR-052,Risk,Emergent dangerous capabilities,"The system exhibits emergent dangerous capabilities such as deception, power-seeking, self-proliferation, situational awareness, or scheming, which a deployer must detect and contain.",Model & system behaviour,"7. AI System Safety, Failures, & Limitations",7.2 > AI possessing dangerous capabilities,"GPAI, Agentic",System,MIT AI Risk Repository v4,Anwar2024 | Ferrara2023 | G'sell2024 | Gabriel2024 | Gipiškis2024 | Hagendorff2024 | Hammond2025 | Hendrycks2022 | InfoComm2023 | Ji2023 | Leech2024 | Maas2023 | McLean2023 | Meek2016 | Saghiri2022 | Shevlane2023 | Tan2022 | Tse2025 | Uuk2025,19,"23894 obj A.11, A.10; src 7; mech B.8 | 42001 ctrl A.6.2.4",,S&S Ch. Commitments 2-5,,EU AI Act 2024/1689 + GPAI Code of Practice | ISO/IEC 42001:2023 | ISO/IEC 23894:2023,,,
MR-053,Risk,"Goal misspecification, specification gaming and reward hacking","The system optimizes a misspecified proxy objective, gaming the specification or misgeneralizing its goal in deployment.",Model & system behaviour,"7. AI System Safety, Failures, & Limitations",7.1 > AI pursuing its own goals in conflict with human goals or values,"GPAI, Agentic, Classical_ML",System,MIT AI Risk Repository v4,Anwar2024 | Clarke2023 | G'sell2024 | Gabriel2024 | Giarmoleo2024 | Gipiškis2024 | Hammond2025 | Hendrycks2022 | Hendrycks2023 | Hogenhout2021 | Ji2023 | Kilian2023 | Leech2024 | Maas2023 | Saghiri2022 | Steimers2022 | Uuk2025 | Yampolskiy2016 | Zhang2022,19,23894 obj A.9; src 7; mech B.5 | 42001 ctrl A.6.2.4,,,,ISO/IEC 42001:2023 | ISO/IEC 23894:2023,,,
MR-054,Risk,Loss of meaningful human oversight and control,The deployer loses meaningful human oversight or control over (semi-)autonomous AI actions and decisions.,Governance & process,"7. AI System Safety, Failures, & Limitations",7.1 > AI pursuing its own goals in conflict with human goals or values,"Agentic, GPAI",Both,MIT AI Risk Repository v4,Bengio2024 | Chin2025 | DSIT2023 | Everitt2018 | G'sell2024 | GOS2023 | Hendrycks2023 | InfoComm2023 | Ji2023 | Leech2024 | McLean2023 | Nah2023 | Tse2025 | Uuk2025 | Weidinger2023 | Wirtz2022 | Zeng2024,17,"23894 obj A.2; src 8; mech B.4 | 42001 ctrl A.6.2.6, A.9.2",Art. 14 | Art. 26(2),,,EU AI Act 2024/1689 + GPAI Code of Practice | ISO/IEC 42001:2023 | ISO/IEC 23894:2023,,,
MR-055,Risk,Lack of explainability and interpretability,"The system's decisions cannot be adequately explained or interpreted, harming trust and auditability.",Model & system behaviour,"7. AI System Safety, Failures, & Limitations",7.4 > Lack of transparency or interpretability,"GPAI, Classical_ML, Agentic",Both,MIT AI Risk Repository v4,AIVerify2023 | G'sell2024 | Gipiškis2024 | Hagendorff2024 | Hogenhout2021 | IBM2025 | Liu2024 | Meek2016 | Nah2023 | Paes2023 | Perlo2025 | Saghiri2022 | Schnitzer2024 | Sherman2023 | Steimers2022 | Teixeira2022,16,"23894 obj A.12; src 7; mech B.3 | 42001 ctrl A.6.2.7, A.8.2",Art. 13 | Art. 26(11) | Art. 50,,,EU AI Act 2024/1689 + GPAI Code of Practice | IBM AI Risk Atlas | ISO/IEC 42001:2023 | ISO/IEC 23894:2023,,,
MR-056,Risk,Lack of robustness to distribution shift and edge cases,"The system fails on out-of-distribution, noisy, adversarial, or edge-case inputs, or is brittle to minor input changes.",Model & system behaviour,"7. AI System Safety, Failures, & Limitations",7.3 > Lack of capability or robustness,"GPAI, Classical_ML, Agentic",System,MIT AI Risk Repository v4,AIVerify2023 | Gipiškis2024 | IBM2025 | InfoComm2023 | Saghiri2022 | Schnitzer2024 | Sharma2024 | Sherman2023 | TC2602024 | Tan2022 | Zhang2022,11,23894 obj A.9; src 8; mech B.2 | 42001 ctrl A.6.2.4,Art. 15,,,EU AI Act 2024/1689 + GPAI Code of Practice | IBM AI Risk Atlas | ISO/IEC 42001:2023 | ISO/IEC 23894:2023,,,
MR-057,Risk,Multi-agent interaction risks,"Interactions among multiple AI agents cause miscoordination, collusion, cascading or destabilizing dynamics (e.g. flash crashes).",Model & system behaviour,"7. AI System Safety, Failures, & Limitations",7.6 > Multi-agent risks,"Agentic, GPAI",Both,MIT AI Risk Repository v4,Anwar2024 | Everitt2018 | Gabriel2024 | Gipiškis2024 | Hammond2025 | Ji2023 | Saghiri2022 | Tse2025 | Uuk2025,9,"23894 obj A.9, A.10; src 8; mech B.2 | 42001 ctrl A.6.2.6",,,,OWASP Top 10 for Agentic Applications 2026 | ISO/IEC 42001:2023 | ISO/IEC 23894:2023,,,
MR-058,Risk,Model performance drift and degradation over time,"Model performance degrades post-deployment due to data/concept drift, knowledge staleness, or catastrophic forgetting.",Model & system behaviour,"7. AI System Safety, Failures, & Limitations",7.3 > Lack of capability or robustness,"GPAI, Classical_ML",System,MIT AI Risk Repository v4,Gipiškis2024 | Hendrycks2023 | Liu2024 | Saghiri2022 | Schnitzer2024 | Zhang2022,6,"23894 obj A.7, A.9; src 8; mech B.8 | 42001 ctrl A.6.2.6",,,,IBM AI Risk Atlas | ISO/IEC 42001:2023 | ISO/IEC 23894:2023,,,
MR-059,Risk,Poor data quality and representativeness,"Training/operational data is inaccurate, unrepresentative, mislabeled, contaminated, or poorly curated, undermining reliability.",Model & system behaviour,"7. AI System Safety, Failures, & Limitations",X.1 > Excluded,"GPAI, Classical_ML",Both,MIT AI Risk Repository v4,AIVerify2023 | Gipiškis2024 | IBM2025 | Schnitzer2024 | Teixeira2022,5,"23894 obj A.4; src 6; mech B.5 | 42001 ctrl A.7.4, A.7.6",Art. 10 | Art. 26(4),,,EU AI Act 2024/1689 + GPAI Code of Practice | IBM AI Risk Atlas | ISO/IEC 42001:2023 | ISO/IEC 23894:2023,,,
MR-060,Risk,Use outside intended scope,"The system is unintentionally applied outside its validated operating domain or intended purpose, producing unreliable or unsafe results.",Human & usage,"7. AI System Safety, Failures, & Limitations",7.3 > Lack of capability or robustness,"GPAI, Agentic, Classical_ML",Both,MIT AI Risk Repository v4,Critch2023 | GOS2023 | Stanley2024 | Tan2022 | Teixeira2022,5,"23894 obj A.9; src 7, 8; mech B.7 | 42001 ctrl A.9.4, A.6.2.2",Art. 26(1),,,EU AI Act 2024/1689 + GPAI Code of Practice | IBM AI Risk Atlas | ISO/IEC 42001:2023 | ISO/IEC 23894:2023,,,
MR-061,Risk,Over-refusal and excessive safety filtering,"Overly restrictive safety tuning causes the system to refuse benign requests, degrading utility.",Model & system behaviour,"7. AI System Safety, Failures, & Limitations",7.3 > Lack of capability or robustness,GPAI,System,MIT AI Risk Repository v4,Gipiškis2024,1,23894 obj A.9; src 7 | 42001 ctrl A.6.2.4,,,,ISO/IEC 42001:2023 | ISO/IEC 23894:2023,,,
MR-062,Risk,Shadow AI and unsanctioned use of AI tools,"Staff adopt and use AI tools or services outside sanctioned channels, so the deployer cannot inventory, secure, assess, or govern systems it does not know are in use.",Governance & process,n/a (ISO-derived),,"GPAI, Agentic, Classical_ML",Organization,ISO/IEC 23894 + 42001 (gap analysis),ISO/IEC 42001:2023,1,"42001 Annex A, A.2.2 and A.9.2",,,"MR-043 Inadequate AI governance and oversight: related but generic; it does not name the specific exposure of untracked, unsanctioned tool adoption by staff.",ISO/IEC 42001:2023,,,
MR-063,Risk,AI inventory blind spots,"The deployer lacks a complete, maintained inventory of the AI systems and components in use, so some systems sit outside monitoring, assessment, and control.",Governance & process,n/a (ISO-derived),,"GPAI, Agentic, Classical_ML",Organization,ISO/IEC 23894 + 42001 (gap analysis),ISO/IEC 42001:2023 | ISO/IEC 23894:2023,2,"42001 Annex A, A.4.2 and A.3.2; 23894 clause 6.3.1",Art. 26(8) | Art. 49,,MR-043 Inadequate AI governance: generic governance maturity; it does not name inventory completeness or discovery.,EU AI Act 2024/1689 + GPAI Code of Practice | ISO/IEC 42001:2023,,,
MR-064,Risk,Embedded AI introduced through procurement,"AI capability enters the estate inside procured software, services, or product features rather than through a deliberate AI decision, and so bypasses assessment and controls.",Third party & supply chain,n/a (ISO-derived),,"GPAI, Classical_ML",Organization,ISO/IEC 23894 + 42001 (gap analysis),ISO/IEC 42001:2023,1,"42001 Annex A, A.10.3 and A.4.2",,,"MR-018 AI supply-chain and infrastructure vulnerabilities: security-focused, not the governance-visibility problem of embedded AI.",NIST AI 600-1 Generative AI Profile | ISO/IEC 42001:2023,,,
MR-065,Risk,Vendor model version churn and undisclosed updates,"A third-party model or service changes behavior through provider-side updates or version changes the deployer did not initiate and may not be notified of, silently shifting outputs and performance.",Third party & supply chain,n/a (ISO-derived),,"GPAI, Agentic",Both,ISO/IEC 23894 + 42001 (gap analysis),ISO/IEC 42001:2023 | ISO/IEC 23894:2023,2,"42001 Annex A, A.10.3 and A.6.2.6; 23894 clause 6.4.2.3 source area 10 and Annex B.7",,Transparency Ch. Commitment 1 | S&S Ch. Commitments 1-10,"MR-058 Model performance drift: drift is passive internal degradation, not a supplier-pushed change the deployer cannot control.",EU AI Act 2024/1689 + GPAI Code of Practice | ISO/IEC 42001:2023,,,
MR-066,Risk,Change deployed without revalidation,"Updates to a model, prompt, configuration, or pipeline are released without regression testing against the prior baseline, introducing unintended deterioration in quality, safety, or fairness.",Governance & process,n/a (ISO-derived),,"GPAI, Classical_ML, Agentic",System,ISO/IEC 23894 + 42001 (gap analysis),ISO/IEC 42001:2023 | ISO/IEC 23894:2023,2,"42001 Annex A, A.6.2.4 and A.6.2.6; 23894 Annex B.7",,,"MR-046 Inadequate evaluation, testing and benchmarking: adjacent, but does not capture the change-triggered regression that revalidation prevents.",IBM AI Risk Atlas | ISO/IEC 42001:2023,,,
MR-067,Risk,Absence of AI impact assessment,"The deployer runs no defined process to evaluate and record the likely effects of an AI system on people, groups, and wider society throughout its life cycle.",Governance & process,n/a (ISO-derived),,"GPAI, Agentic, Classical_ML",Organization,ISO/IEC 23894 + 42001 (gap analysis),ISO/IEC 42001:2023,1,"42001 Annex A, A.5.2 to A.5.5",Art. 27,,"MR-043 Inadequate AI governance: generic; impact assessment is a specific, auditable, often legally required process.",EU AI Act 2024/1689 + GPAI Code of Practice | IBM AI Risk Atlas | ISO/IEC 42001:2023,,,
MR-068,Risk,Inadequate AI incident response and communication,"The deployer has no defined way to detect, triage, respond to, and communicate AI-related incidents and adverse impacts to affected parties and authorities, so harms persist and escalate.",Governance & process,n/a (ISO-derived),,"GPAI, Agentic, Classical_ML",Organization,ISO/IEC 23894 + 42001 (gap analysis),ISO/IEC 42001:2023,1,"42001 Annex A, A.8.3, A.8.4 and A.3.3",Art. 26(5) | Art. 72 | Art. 73,S&S Ch. Commitment 9,"MR-040 Regulatory non-compliance: overlaps on reporting obligations, but not the operational detect-respond-communicate capability.",EU AI Act 2024/1689 + GPAI Code of Practice | ISO/IEC 42001:2023,,,
MR-069,Risk,"Inadequate logging, record-keeping and traceability","AI systems do not record sufficient event logs and decision records, so behavior cannot be reconstructed, audited, or investigated after the fact.",Governance & process,n/a (ISO-derived),,"GPAI, Agentic, Classical_ML",System,ISO/IEC 23894 + 42001 (gap analysis),ISO/IEC 42001:2023,1,"42001 Annex A, A.6.2.8",Art. 12 | Art. 26(6),,"MR-055 Lack of explainability: interpretability of a decision, not operational log capture and retention.",EU AI Act 2024/1689 + GPAI Code of Practice | ISO/IEC 42001:2023,,,
MR-070,Risk,Inadequate AI decommissioning and retirement,"The deployer has no managed process for retiring or decommissioning AI systems and models, so deprecated or unsupported systems remain in use and accumulate risk and liability.",Governance & process,n/a (ISO-derived),,"GPAI, Classical_ML, Agentic",Organization,ISO/IEC 23894 + 42001 (gap analysis),ISO/IEC 42001:2023 | ISO/IEC 23894:2023,2,"23894 Annex B.7; 42001 Annex A, A.6 and A.4.6",,,MR-047 Vendor/model concentration / MR-058 drift: neither addresses end-of-life governance of an AI system.,ISO/IEC 42001:2023,,,
MR-071,Risk,Autonomous agent hijacking and excessive-agency abuse,"A deployed AI agent is hijacked (via injected instructions, poisoned context, or poisoned tools) and abuses its legitimate tool access and permissions to take harmful autonomous actions such as exfiltrating data, destroying data, harvesting credentials, or acting as command-and-control.",Security & adversarial,n/a (MITRE ATLAS-derived),,"Agentic, GPAI",Both,MITRE ATLAS v5.6.0 (gap analysis),MITRE ATLAS v5.6.0,1,,,,"MR-020 Insecure tool integration and MR-054 Loss of oversight: each covers a facet (the integration surface, the oversight failure) but not the combined excessive-agency action abuse.",OWASP Top 10 for LLM Applications 2025 | MITRE ATLAS v5.6.0 | OWASP Top 10 for Agentic Applications 2026 | NIST AI 100-2 Adversarial Machine Learning | IBM AI Risk Atlas | Cisco AI Security Framework,,,
MR-071.1,Sub-risk,Abuse of AI agent tool invocation,An attacker with access to an AI agent invokes the agent's tools to act on systems and data.,Security & adversarial,,,,,MITRE ATLAS v5.6.0,,,,,,,,MR-071,AML.T0053,AI Agent Tool Invocation
MR-071.2,Sub-risk,AI agent context poisoning,The context an agent's model relies on is manipulated to steer its decisions and actions.,Security & adversarial,,,,,MITRE ATLAS v5.6.0,,,,,,,,MR-071,AML.T0080,AI Agent Context Poisoning
MR-071.3,Sub-risk,Tampering with AI agent configuration,Agent configuration files are modified to enable malicious behavior or evade defenses.,Security & adversarial,,,,,MITRE ATLAS v5.6.0,,,,,,,,MR-071,AML.T0081,Modify AI Agent Configuration
MR-071.4,Sub-risk,RAG-based credential harvesting,Agent or LLM access to a RAG store is used to locate and harvest credentials.,Security & adversarial,,,,,MITRE ATLAS v5.6.0,,,,,,,,MR-071,AML.T0082,RAG Credential Harvesting
MR-071.5,Sub-risk,Credential theft from agent configuration,Credentials for other tools and services are read from an AI agent's configuration.,Security & adversarial,,,,,MITRE ATLAS v5.6.0,,,,,,,,MR-071,AML.T0083,Credentials from AI Agent Configuration
MR-071.6,Sub-risk,Data exfiltration through agent tool invocation,Write-capable agent tools are invoked to send data out of the environment.,Security & adversarial,,,,,MITRE ATLAS v5.6.0,,,,,,,,MR-071,AML.T0086,Exfiltration via AI Agent Tool Invocation
MR-071.7,Sub-risk,Agent-tool credential harvesting,Access to an agent is used to retrieve credentials held by its tools.,Security & adversarial,,,,,MITRE ATLAS v5.6.0,,,,,,,,MR-071,AML.T0098,AI Agent Tool Credential Harvesting
MR-071.8,Sub-risk,Poisoning of data agent tools retrieve,Malicious content is placed where an agent's tools will retrieve and act on it.,Security & adversarial,,,,,MITRE ATLAS v5.6.0,,,,,,,,MR-071,AML.T0099,AI Agent Tool Data Poisoning
MR-071.9,Sub-risk,Deceptive content baiting AI agents,Deceptive web or interface content baits computer-using agents into harmful actions.,Security & adversarial,,,,,MITRE ATLAS v5.6.0,,,,,,,,MR-071,AML.T0100,AI Agent Clickbait
MR-071.10,Sub-risk,Data destruction through agent tool invocation,Mutative agent tools are invoked to delete or destroy data.,Security & adversarial,,,,,MITRE ATLAS v5.6.0,,,,,,,,MR-071,AML.T0101,Data Destruction via AI Agent Tool Invocation
MR-071.11,Sub-risk,Adversary-deployed AI agent in the environment,An attacker launches AI agents inside the victim environment to act on their behalf.,Security & adversarial,,,,,MITRE ATLAS v5.6.0,,,,,,,,MR-071,AML.T0103,Deploy AI Agent
MR-071.12,Sub-risk,AI agent abused for command and control,An agent present on the system is abused as a command-and-control channel.,Security & adversarial,,,,,MITRE ATLAS v5.6.0,,,,,,,,MR-071,AML.T0108,AI Agent
MR-071.13,Sub-risk,Poisoning of AI agent tools,Tools used by agents (including built-ins) are poisoned to achieve persistence and control.,Security & adversarial,,,,,MITRE ATLAS v5.6.0,,,,,,,,MR-071,AML.T0110,AI Agent Tool Poisoning
MR-072,Risk,Failure to conduct a fundamental rights impact assessment,"A deployer that is a public body, a private provider of public services, or a deployer of certain Annex III systems does not perform (or update, or notify the authority of) the required fundamental-rights impact assessment before putting a high-risk system into use.",Regulatory compliance,n/a (EU-derived),,"GPAI, Agentic, Classical_ML",Organization,EU AI Act 2024/1689 (gap analysis),EU AI Act 2024/1689,1,,Art. 27,,"MR-067 Absence of AI impact assessment (the ISO-derived process risk; Art. 27 is the specific fundamental-rights, public-service variant with a notification duty).",EU AI Act 2024/1689 + GPAI Code of Practice,,,
MR-073,Risk,Failure to inform workers before workplace deployment,A deployer that is an employer puts a high-risk system into use at work without first informing affected workers and their representatives that they will be subject to it.,Regulatory compliance,n/a (EU-derived),,"GPAI, Agentic, Classical_ML",Organization,EU AI Act 2024/1689 (gap analysis),EU AI Act 2024/1689,1,,Art. 26(7),,MR-040 Regulatory non-compliance (generic; the worker-information duty is not otherwise named).,EU AI Act 2024/1689 + GPAI Code of Practice,,,
MR-074,Risk,Failure to register a high-risk system or verify its registration,"A public-authority deployer does not meet its EU-database registration duty, or uses a high-risk system that the provider has not registered, instead of declining use and informing the provider.",Regulatory compliance,n/a (EU-derived),,"GPAI, Agentic, Classical_ML",Organization,EU AI Act 2024/1689 (gap analysis),EU AI Act 2024/1689,1,,Art. 26(8) | Art. 49 | Art. 71,,MR-063 AI inventory blind spots (internal visibility; Art. 26(8)/49 is the external regulatory registration duty).,EU AI Act 2024/1689 + GPAI Code of Practice,,,
MR-075,Risk,Failure to inform individuals subject to high-risk AI decisions,A deployer using a high-risk system that makes or assists decisions about people does not inform those individuals that they are subject to it.,Regulatory compliance,n/a (EU-derived),,"GPAI, Agentic, Classical_ML",Both,EU AI Act 2024/1689 (gap analysis),EU AI Act 2024/1689,1,,Art. 26(11),,"MR-055 Lack of explainability (interpretability of the decision, not the duty to notify the affected person).",EU AI Act 2024/1689 + GPAI Code of Practice,,,
MR-076,Risk,Failure to monitor operation and meet incident-reporting and suspension duties,"A deployer does not monitor a high-risk system in use against the instructions, fails to inform the provider and the market surveillance authority of an emerging risk or serious incident, or fails to suspend use when required.",Regulatory compliance,n/a (EU-derived),,"GPAI, Agentic, Classical_ML",Organization,EU AI Act 2024/1689 (gap analysis),EU AI Act 2024/1689,1,,Art. 26(5) | Art. 72 | Art. 73,,MR-068 Inadequate incident response (the org capability; Art. 26(5)/72/73 is the mandatory authority-reporting and suspension duty).,EU AI Act 2024/1689 + GPAI Code of Practice,,,
MR-077,Risk,Deploying or repurposing a system into a prohibited practice,"A deployer uses, or through repurposing or capability drift causes a system to fall into, a practice prohibited by the Act (for example manipulative or exploitative techniques, social scoring, untargeted facial scraping, or emotion inference at work).",Regulatory compliance,n/a (EU-derived),,"GPAI, Agentic, Classical_ML",Both,EU AI Act 2024/1689 (gap analysis),EU AI Act 2024/1689,1,,Art. 5,,MR-060 Use outside intended scope / MR-040 Regulatory non-compliance (neither names the prohibited-practice categories).,EU AI Act 2024/1689 + GPAI Code of Practice,,,
MR-078,Risk,Failure to meet AI transparency and disclosure obligations,"A deployer does not inform people exposed to emotion-recognition or biometric-categorization systems, or does not disclose AI-generated or manipulated deepfake media and public-interest text as required.",Regulatory compliance,n/a (EU-derived),,"GPAI, Agentic",Both,EU AI Act 2024/1689 (gap analysis),EU AI Act 2024/1689,1,,Art. 50(3) | Art. 50(4),,MR-055 Lack of explainability / MR-031 Deepfakes (neither names the Art. 50 disclosure duties).,EU AI Act 2024/1689 + GPAI Code of Practice | IBM AI Risk Atlas,,,
MR-079,Risk,Non-compliance with the AI literacy obligation,A deployer does not take measures to ensure a sufficient level of AI literacy among the staff and others operating or using its AI systems on its behalf.,Regulatory compliance,n/a (EU-derived),,"GPAI, Agentic, Classical_ML",Organization,EU AI Act 2024/1689 (gap analysis),EU AI Act 2024/1689,1,,Art. 4,,MR-048 AI competence and skills gaps (the capability gap; Art. 4 is the enforceable literacy duty for all deployers).,EU AI Act 2024/1689 + GPAI Code of Practice,,,
MR-080,Risk,Provider fails to supply adequate GPAI model documentation,"The provider of a procured GPAI model does not supply the model documentation and information the deployer needs, leaving the deployer unable to assess the model or to meet its own transparency and risk-assessment obligations.",Regulatory compliance,n/a (EU-derived),,"GPAI, Agentic",Both,GPAI Code of Practice 2025 (gap analysis),GPAI Code of Practice 2025,1,,,"GPAI Code of Practice, Transparency Chapter, Commitment 1 (Measures 1.1-1.3)",MR-045 Insufficient documentation / MR-065 Vendor churn (deployer-side and change-side; not the provider documentation-supply dependency).,EU AI Act 2024/1689 + GPAI Code of Practice,,,
MR-081,Risk,Provider's inadequate copyright compliance exposes the deployer to IP liability,"The provider of a procured model did not adequately ensure lawful training-data sourcing, rights-reservation compliance, or output-infringement mitigation, exposing the deployer to intellectual-property liability for the model's outputs.",Regulatory compliance,n/a (EU-derived),,"GPAI, Agentic",Both,GPAI Code of Practice 2025 (gap analysis),GPAI Code of Practice 2025,1,,,"GPAI Code of Practice, Copyright Chapter, Commitment 1 (Measures 1.1-1.5)",MR-039 IP and copyright infringement (the deployer-facing outcome; this adds the upstream provider-compliance dependency).,EU AI Act 2024/1689 + GPAI Code of Practice,,,
MR-082,Risk,"Provider's inadequate systemic-risk safety and security management, with no deployer visibility","The provider of a systemic-risk GPAI model does not adequately identify, analyze, and mitigate model-level safety and security risks, evaluate the model, secure its weights, or report incidents, and the deployer has no visibility into whether this was done.",Regulatory compliance,n/a (EU-derived),,"GPAI, Agentic",Both,GPAI Code of Practice 2025 (gap analysis),GPAI Code of Practice 2025,1,,,"GPAI Code of Practice, Safety and Security Chapter, Commitments 1-10",MR-065 Vendor churn / MR-052 Emergent dangerous capabilities / MR-046 Inadequate evaluation (deployer-side; not the provider safety-assurance dependency).,EU AI Act 2024/1689 + GPAI Code of Practice,,,
